{
  "description_field_name":"cd_nom",
  "genre":"F",
  "display_properties": [
    "cd_nom",
    "effectif",
    "nb_male",
    "nb_femelle",
    "determiner",
    "comments",
    "id_nomenclature_obs_technique",
    "id_nomenclature_determination_method",
    "id_nomenclature_type_count",
    "id_nomenclature_obj_count"
  ],
  "display_list": [
    "cd_nom",
    "effectif",
    "comments"
  ],
  "keep": [
    "id_nomenclature_obs_technique",
    "id_nomenclature_determination_method",
    "id_nomenclature_type_count",
    "id_nomenclature_obj_count",
    "determiner"
  ],
  "specific": {
    "determiner":{
      "type_widget": "datalist",
      "attribut_label": "Déterminateur",
      "api": "users/menu/__MODULE.ID_LIST_OBSERVER",
      "application": "GeoNature",
      "keyValue": "id_role",
      "keyLabel": "nom_complet",
      "type_util": "user",
      "multiple": false,
      "required": false,
      "definition": "Si déterminateur différent de l'observateur"
    },
    "cd_nom": {
      "type_widget": "taxonomy",
      "attribut_label": "Espèce observée",
      "multiple": false,
      "id_list": "__MODULE.ID_LIST_TAXONOMY",
      "application": "TaxHub",
      "required": true,
      "type_util": "taxonomy"
    },
    "effectif": {
      "type_widget": "number",
      "attribut_label": "Effectif total",
      "min": 1,
      "required": true,
      "definition": "Effectif total"
    },
    "nb_male": {
      "type_widget": "number",
      "attribut_label": "Effectif de mâle(s)",
      "min": 1,
      "required": false,
      "definition": "Nombre de mâle dans l'effectif total"
    },
    "nb_femelle": {
      "type_widget": "number",
      "attribut_label": "Effectif de femelle(s)",
      "min": 1,
      "required": false,
      "definition": "Nombre de femelle dans l'effectif total"
    },
    "id_nomenclature_obs_technique": {
      "type_widget": "datalist",
      "attribut_label": "Technique d'observation",
      "api": "nomenclatures/nomenclature/METH_OBS",
      "application": "GeoNature",
      "keyValue": "id_nomenclature",
      "keyLabel": "label_fr",
      "data_path": "values",
      "type_util": "nomenclature",
      "required": true,
      "default": {
        "cd_nomenclature": "0"
      }
    },
    "id_nomenclature_determination_method": {
      "type_widget": "datalist",
      "attribut_label": "Méthode de détermination",
      "api": "nomenclatures/nomenclature/METH_DETERMIN",
      "application": "GeoNature",
      "keyValue": "id_nomenclature",
      "keyLabel": "label_fr",
      "data_path": "values",
      "type_util": "nomenclature",
      "required": true,
      "default": {
        "cd_nomenclature": "18"
      }
    },
    "id_nomenclature_type_count": {
      "type_widget": "datalist",
      "attribut_label": "Type de dénombrement",
      "api": "nomenclatures/nomenclature/TYP_DENBR",
      "application": "GeoNature",
      "keyValue": "id_nomenclature",
      "keyLabel": "label_fr",
      "data_path": "values",
      "type_util": "nomenclature",
      "required": true,
      "default": {
        "cd_nomenclature": "Co"
      }
    },
    "id_nomenclature_obj_count": {
      "type_widget": "datalist",
      "attribut_label": "Objet du dénombrement",
      "api": "nomenclatures/nomenclature/OBJ_DENBR",
      "application": "GeoNature",
      "keyValue": "id_nomenclature",
      "keyLabel": "label_fr",
      "data_path": "values",
      "type_util": "nomenclature",
      "required": true,
      "default": {
        "cd_nomenclature": "IND"
      }
    }
  }
}
