{
  "module_code": "sterf",
  "module_label":"STERF",
  "module_desc":"Module pour le protocole de suivi des rhopalocères STERF",
  "specific": {
    "b_draw_sites_group": {
      "hidden": false
    }
  },
  "export_csv": [
    { "label": "Transects STERF", "type":"csv" , "method": "transect"},
    { "label": "Ensemble des suivis STERF", "type":"csv" , "method": "obs"},
    { "label": "Ensemble des suivis STERF avec statuts", "type":"csv", "method": "obs_2" },
    { "label": "Suivis STERF de l'année en cours", "type":"csv" , "method": "obs_n" },
    { "label": "Suivis STERF de l'année passée", "type":"csv" , "method": "obs_n1" }
  ]
}
