{
  "description_field_name":"cd_nom",
  "genre":"F",
  "display_properties": [
    "cd_nom",
    "effectif",
    "comments"
  ],
  "display_list": [
    "cd_nom",
    "effectif",
    "comments"
  ],
  "keep": [
    "id_nomenclature_obs_technique",
    "id_nomenclature_determination_method",
    "id_nomenclature_type_count",
    "id_nomenclature_obj_count"
  ],
  "specific": {
    "cd_nom": {
      "type_widget": "taxonomy",
      "attribut_label": "Espèce observée",
      "multiple": false,
      "id_list": "__MODULE.ID_LIST_TAXONOMY",
      "application": "TaxHub",
      "required": true,
      "type_util": "taxonomy"
    },
    "effectif": {
      "type_widget": "number",
      "attribut_label": "Effectif total",
      "value": 1,
      "required": true
    },
    "id_nomenclature_obs_technique": {
      "type_widget": "datalist",
      "attribut_label": "Technique d'observation",
      "api": "nomenclatures/nomenclature/METH_OBS",
      "application": "GeoNature",
      "keyValue": "id_nomenclature",
      "keyLabel": "mnemonique",
      "data_path": "values",
      "type_util": "nomenclature",
      "required": true,
      "hidden": true,
      "default": {
        "cd_nomenclature": "0"
      }
    },
    "id_nomenclature_determination_method": {
      "type_widget": "datalist",
      "attribut_label": "Méthode de détermination",
      "api": "nomenclatures/nomenclature/METH_DETERMIN",
      "application": "GeoNature",
      "keyValue": "id_nomenclature",
      "keyLabel": "mnemonique",
      "data_path": "values",
      "type_util": "nomenclature",
      "required": true,
      "hidden": true,
      "default": {
        "cd_nomenclature": "18"
      }
    },
    "id_nomenclature_type_count": {
      "type_widget": "datalist",
      "attribut_label": "Type de dénombrement",
      "api": "nomenclatures/nomenclature/TYP_DENBR",
      "application": "GeoNature",
      "keyValue": "id_nomenclature",
      "keyLabel": "mnemonique",
      "data_path": "values",
      "type_util": "nomenclature",
      "required": true,
      "hidden": true,
      "default": {
        "cd_nomenclature": "Co"
      }
    },
    "id_nomenclature_obj_count": {
      "type_widget": "datalist",
      "attribut_label": "Objet du dénombrement",
      "api": "nomenclatures/nomenclature/OBJ_DENBR",
      "application": "GeoNature",
      "keyValue": "id_nomenclature",
      "keyLabel": "mnemonique",
      "data_path": "values",
      "type_util": "nomenclature",
      "required": true,
      "hidden": true,
      "default": {
        "cd_nomenclature": "IND"
      }
    }
  }
}
